<Backups xmlns="http://www.microsoft.com/GroupPolicy/GPOOperations/Manifest" xmlns:mfst="http://www.microsoft.com/GroupPolicy/GPOOperations/Manifest" mfst:version="1.0"><BackupInst><GPOGuid><![CDATA[{6F314C15-5BB5-4B14-AED3-1C357B8E32BC}]]></GPOGuid><GPODomain><![CDATA[contoso.com]]></GPODomain><GPODomainGuid><![CDATA[{a7bee22f-e026-4c1a-ad1c-559270987358}]]></GPODomainGuid><GPODomainController><![CDATA[DC1.contoso.com]]></GPODomainController><BackupTime><![CDATA[2023-05-02T19:27:38]]></BackupTime><ID><![CDATA[{B8004471-5706-4899-8F94-432B2D9F8AA0}]]></ID><Comment><![CDATA[Defender AV Baseline]]></Comment><GPODisplayName><![CDATA[Defender AV Baseline]]></GPODisplayName></BackupInst></Backups>