<?xml version="1.0" encoding="utf-8"?>
<ScheduledTasks clsid="{CC63F200-7309-4ba0-B154-A71CD118DBCC}">
	<ImmediateTaskV2 clsid="{9756B581-76EC-4169-9AFC-0CA8D43ADB5F}" name="MDE Setup" image="0" changed="2022-04-06 12:22:23" uid="{E58886FA-FFDB-44A9-B747-8BD9806C8FE3}" disabled="0" userContext="0" removePolicy="0">
		<Properties action="C" name="MDE Setup" runAs="NT AUTHORITY\System" logonType="S4U">
			<Task version="1.2">
				<RegistrationInfo>
					<Author>Microsoft Services</Author>
					<Description></Description>
				</RegistrationInfo>
				<Principals>
					<Principal id="Author">
						<UserId>NT AUTHORITY\System</UserId>
						<LogonType>S4U</LogonType>
						<RunLevel>HighestAvailable</RunLevel>
					</Principal>
				</Principals>
				<Settings>
					<IdleSettings>
						<Duration>PT10M</Duration>
						<WaitTimeout>PT1H</WaitTimeout>
						<StopOnIdleEnd>true</StopOnIdleEnd>
						<RestartOnIdle>false</RestartOnIdle>
					</IdleSettings>
					<MultipleInstancesPolicy>IgnoreNew</MultipleInstancesPolicy>
					<DisallowStartIfOnBatteries>false</DisallowStartIfOnBatteries>
					<StopIfGoingOnBatteries>true</StopIfGoingOnBatteries>
					<AllowHardTerminate>true</AllowHardTerminate>
					<StartWhenAvailable>true</StartWhenAvailable>
					<AllowStartOnDemand>true</AllowStartOnDemand>
					<Enabled>true</Enabled>
					<Hidden>false</Hidden>
					<ExecutionTimeLimit>PT1H</ExecutionTimeLimit>
					<Priority>7</Priority>
					<DeleteExpiredTaskAfter>PT0S</DeleteExpiredTaskAfter>
				</Settings>
				<Actions Context="Author">
					<Exec>
						<Command>powershell.exe</Command>
						<Arguments>-executionpolicy RemoteSigned -f %myDestPath%\MDESetup\Invoke-MDESetup.ps1</Arguments>
					</Exec>
				</Actions>
				<Triggers>
					<TimeTrigger>
						<StartBoundary>%LocalTimeXmlEx%</StartBoundary>
						<EndBoundary>%LocalTimeXmlEx%</EndBoundary>
						<Enabled>true</Enabled>
					</TimeTrigger>
				</Triggers>
			</Task>
		</Properties>
		<Filters>
			<FilterFile bool="AND" not="0" path="%myDestPath%\MDESetup\Invoke-MDESetup.ps1" type="EXISTS" folder="0"/>
			<FilterFile bool="AND" not="0" path="%myDestPath%\MDESetup\config.psd1" type="EXISTS" folder="0"/>
		</Filters>
	</ImmediateTaskV2>
</ScheduledTasks>
