<?xml version="1.0" encoding="utf-8"?>
<RegistrySettings clsid="{A3CCFC41-DFDB-43a5-8D26-0FE8B954DA51}"><Registry clsid="{9CD4B2F4-923D-47f5-A062-E897DD1DAD50}" name="Group" status="Group" image="7" changed="2019-11-27 22:06:35" uid="{5C27C53E-E71E-4BA3-A3B6-39569A3AC046}" bypassErrors="1"><Properties action="U" displayDecimal="1" default="0" hive="HKEY_LOCAL_MACHINE" key="SOFTWARE\Policies\Microsoft\Windows Advanced Threat Protection\DeviceTagging" name="Group" type="REG_SZ" value="Domain Controller"/><Filters><FilterOs bool="AND" not="0" class="NT" version="WINBLUESRV" type="DC" edition="NE" sp="NE"/><FilterOs bool="OR" not="0" class="NT" version="2K8R2" type="DC" edition="NE" sp="NE"/><FilterOs bool="OR" not="0" class="NT" version="WIN8S" type="DC" edition="NE" sp="NE"/><FilterOs bool="OR" not="0" class="NT" version="2K8" type="DC" edition="NE" sp="NE"/></Filters></Registry>
	<Registry clsid="{9CD4B2F4-923D-47f5-A062-E897DD1DAD50}" name="DisableAntiVirus" status="DisableAntiVirus" image="11" changed="2019-12-01 15:27:31" uid="{4F7BBFFA-FB72-410F-A09D-33FD4E9ADC14}" removePolicy="1" bypassErrors="1"><Properties action="R" displayDecimal="1" default="0" hive="HKEY_LOCAL_MACHINE" key="SOFTWARE\Policies\Microsoft\Windows Defender" name="DisableAntiVirus" type="REG_DWORD" value="00000000"/></Registry>
	<Registry clsid="{9CD4B2F4-923D-47f5-A062-E897DD1DAD50}" name="DisableAntiSpyware" status="DisableAntiSpyware" image="11" changed="2019-12-01 15:27:24" uid="{84C8C98D-8C6B-4272-8D1A-1345F250C65D}" removePolicy="1" bypassErrors="1"><Properties action="R" displayDecimal="1" default="0" hive="HKEY_LOCAL_MACHINE" key="SOFTWARE\Policies\Microsoft\Windows Defender" name="DisableAntiSpyware" type="REG_DWORD" value="00000000"/></Registry>
	<Registry clsid="{9CD4B2F4-923D-47f5-A062-E897DD1DAD50}" name="DisableRealtimeMonitoring" status="DisableRealtimeMonitoring" image="11" changed="2019-12-01 15:30:59" uid="{A0CD9E08-AED9-4F9D-A1A1-483C17654652}" removePolicy="1" bypassErrors="1"><Properties action="R" displayDecimal="1" default="0" hive="HKEY_LOCAL_MACHINE" key="SOFTWARE\Policies\Microsoft\Windows Defender\Real-Time Protection" name="DisableRealtimeMonitoring" type="REG_DWORD" value="00000000"/></Registry>
	<Registry clsid="{9CD4B2F4-923D-47f5-A062-E897DD1DAD50}" name="AllowSampleCollection" status="AllowSampleCollection" image="6" changed="2019-12-05 07:26:20" uid="{B97D6849-2F4C-49EE-9721-8BBDFF3C0F3D}" removePolicy="1" bypassErrors="1"><Properties action="R" displayDecimal="1" default="0" hive="HKEY_LOCAL_MACHINE" key="SOFTWARE\Policies\Microsoft\Windows Advanced Threat Protection" name="AllowSampleCollection" type="REG_SZ" value="1"/><Filters><FilterCollection bool="AND" not="0"><FilterCollection bool="AND" not="0"><FilterOs bool="AND" not="0" class="NT" version="WINTHRESHOLD" type="NE" edition="NE" sp="NE"/></FilterCollection><FilterCollection bool="OR" not="0"><FilterCollection bool="AND" not="0"><FilterOs bool="AND" not="0" class="NT" version="WINTHRESHOLDSRV" type="NE" edition="NE" sp="NE"/></FilterCollection><FilterCollection bool="AND" not="0"><FilterRegistry bool="AND" not="0" type="VALUEEXISTS" hive="HKEY_LOCAL_MACHINE" key="SOFTWARE\Microsoft\Windows Advanced Threat Protection" valueName="OnboardingInfo" valueType="REG_SZ" valueData="" min="0.0.0.0" max="0.0.0.0" gte="1" lte="0"/><FilterRegistry bool="OR" not="0" type="VALUEEXISTS" hive="HKEY_LOCAL_MACHINE" key="SOFTWARE\Policies\Microsoft\Windows Advanced Threat Protection" valueName="OnboardingInfo" valueType="REG_SZ" valueData="" min="0.0.0.0" max="0.0.0.0" gte="1" lte="0"/></FilterCollection></FilterCollection></FilterCollection></Filters></Registry>
	<Registry clsid="{9CD4B2F4-923D-47f5-A062-E897DD1DAD50}" name="TamperProtection" status="TamperProtection" image="11" changed="2019-12-05 07:21:48" uid="{DAFFE448-4670-4172-AB1F-C76DF506C932}" disabled="1" removePolicy="1" bypassErrors="1"><Properties action="R" displayDecimal="1" default="0" hive="HKEY_LOCAL_MACHINE" key="SOFTWARE\Microsoft\Windows Defender\Features" name="TamperProtection" type="REG_DWORD" value="00000005"/><Filters><FilterOs bool="AND" not="0" class="NT" version="WINTHRESHOLD" type="NE" edition="NE" sp="NE"/></Filters></Registry>
</RegistrySettings>
