<BackupInst xmlns="http://www.microsoft.com/GroupPolicy/GPOOperations/Manifest">
    <GPOGuid><![CDATA[{E202DB2F-C657-4005-AEC6-7C95D559160C}]]></GPOGuid>
    <GPODomain><![CDATA[contoso.com]]></GPODomain>
    <GPODomainGuid><![CDATA[{8d3a1696-4185-4405-aa6f-aa97a1d6ae4b}]]></GPODomainGuid>
    <GPODomainController><![CDATA[DC01.contoso.com]]></GPODomainController>
    <BackupTime><![CDATA[2022-01-20T02:42:42]]></BackupTime>
    <ID><![CDATA[{966DE397-0724-4E8F-A02E-B600F1F5E2C5}]]></ID>
    <Comment><![CDATA[MDE Deployment]]></Comment>
    <GPODisplayName><![CDATA[MDE Deployment]]></GPODisplayName>
</BackupInst>
