<Backups xmlns="http://www.microsoft.com/GroupPolicy/GPOOperations/Manifest" xmlns:mfst="http://www.microsoft.com/GroupPolicy/GPOOperations/Manifest" mfst:version="1.0"><BackupInst><GPOGuid><![CDATA[{944CB643-8EDC-4AE6-91E4-876B7DDFF94B}]]></GPOGuid><GPODomain><![CDATA[contoso.com]]></GPODomain><GPODomainGuid><![CDATA[{a7bee22f-e026-4c1a-ad1c-559270987358}]]></GPODomainGuid><GPODomainController><![CDATA[DC1.contoso.com]]></GPODomainController><BackupTime><![CDATA[2023-05-10T16:47:48]]></BackupTime><ID><![CDATA[{B7DE852B-0A57-4DE5-98E7-E749ABDA2E62}]]></ID><Comment><![CDATA[Defender ASR]]></Comment><GPODisplayName><![CDATA[Defender AV ASR]]></GPODisplayName></BackupInst></Backups>